{
  "podium": {
    "2024-2026": {
      "races": 55,
      "old_podium": 0.696969696969697,
      "c_podium": 0.703030303030303,
      "old_winner": 0.5636363636363636,
      "c_winner": 0.5454545454545454
    },
    "2025-2026": {
      "races": 31,
      "old_podium": 0.7096774193548387,
      "c_podium": 0.7204301075268817,
      "old_winner": 0.6129032258064516,
      "c_winner": 0.5806451612903226
    },
    "2026 only": {
      "races": 7,
      "old_podium": 0.5714285714285714,
      "c_podium": 0.619047619047619,
      "old_winner": 0.7142857142857143,
      "c_winner": 0.7142857142857143
    }
  },
  "quali": {
    "2024-2026": {
      "races": 55,
      "old_grid_err": 3.464452660577063,
      "c_grid_err": 3.502738871973322,
      "old_pole": 0.21818181818181817,
      "c_pole": 0.3090909090909091,
      "old_gap_mae": 0.6662684505481019,
      "c_gap_mae": 0.5814197850579346
    },
    "2025-2026": {
      "races": 31,
      "old_grid_err": 3.481668981838761,
      "c_grid_err": 3.51682872871328,
      "old_pole": 0.16129032258064516,
      "c_pole": 0.22580645161290322,
      "old_gap_mae": 0.6369125256801096,
      "c_gap_mae": 0.5290122870277589
    },
    "2026 only": {
      "races": 7,
      "old_grid_err": 3.7867395762132605,
      "c_grid_err": 2.9965823650034173,
      "old_pole": 0.0,
      "c_pole": 0.14285714285714285,
      "old_gap_mae": 0.607575247942871,
      "c_gap_mae": 0.4695206739624386
    }
  }
}