{
  "podium": {
    "2024-2026": {
      "races": 56,
      "old_podium": 0.6904761904761906,
      "c_podium": 0.6964285714285714,
      "old_winner": 0.5714285714285714,
      "c_winner": 0.5535714285714286
    },
    "2025-2026": {
      "races": 32,
      "old_podium": 0.6979166666666666,
      "c_podium": 0.7083333333333334,
      "old_winner": 0.625,
      "c_winner": 0.59375
    },
    "2026 only": {
      "races": 8,
      "old_podium": 0.5416666666666666,
      "c_podium": 0.5833333333333333,
      "old_winner": 0.75,
      "c_winner": 0.75
    }
  },
  "quali": {
    "2024-2026": {
      "races": 56,
      "old_grid_err": 3.4675224994303946,
      "c_grid_err": 3.479151002506266,
      "old_pole": 0.23214285714285715,
      "c_pole": 0.30357142857142855,
      "old_gap_mae": 0.6641298772968149,
      "c_gap_mae": 0.5808087677681109
    },
    "2025-2026": {
      "races": 32,
      "old_grid_err": 3.4865031897926633,
      "c_grid_err": 3.475109649122808,
      "old_pole": 0.1875,
      "c_pole": 0.21875,
      "old_gap_mae": 0.634087395142482,
      "c_gap_mae": 0.5295807410840104
    },
    "2026 only": {
      "races": 8,
      "old_grid_err": 3.7679425837320575,
      "c_grid_err": 2.894736842105263,
      "old_pole": 0.125,
      "c_pole": 0.125,
      "old_gap_mae": 0.5999418855095157,
      "c_gap_mae": 0.47923094182060955
    }
  }
}