{
  "podium": {
    "2024-2026": {
      "races": 54,
      "old_podium": 0.697530864197531,
      "c_podium": 0.7037037037037037,
      "old_winner": 0.5740740740740741,
      "c_winner": 0.5555555555555556
    },
    "2025-2026": {
      "races": 30,
      "old_podium": 0.711111111111111,
      "c_podium": 0.7222222222222222,
      "old_winner": 0.6333333333333333,
      "c_winner": 0.6
    },
    "2026 only": {
      "races": 6,
      "old_podium": 0.5555555555555555,
      "c_podium": 0.611111111111111,
      "old_winner": 0.8333333333333334,
      "c_winner": 0.8333333333333334
    }
  },
  "quali": {
    "2024-2026": {
      "races": 54,
      "old_grid_err": 3.4528516155709146,
      "c_grid_err": 3.517099356134444,
      "old_pole": 0.2222222222222222,
      "c_pole": 0.3148148148148148,
      "old_gap_mae": 0.6691043295916297,
      "c_gap_mae": 0.5835886261665726
    },
    "2025-2026": {
      "races": 30,
      "old_grid_err": 3.461360978203083,
      "c_grid_err": 3.543147262094631,
      "old_pole": 0.16666666666666666,
      "c_pole": 0.23333333333333334,
      "old_gap_mae": 0.6410385771295264,
      "c_gap_mae": 0.5311692844223014
    },
    "2026 only": {
      "races": 6,
      "old_grid_err": 3.7360446570972887,
      "c_grid_err": 3.041467304625199,
      "old_pole": 0.0,
      "c_pole": 0.16666666666666666,
      "old_gap_mae": 0.6233159589004155,
      "c_gap_mae": 0.47039039209093086
    }
  }
}